SET check_function_bodies = false;
INSERT INTO public.talent (qp_id, name, bio) VALUES ('d8a0efa3-66f6-47d5-9518-02984c082d63', 'John Doe', 'An experienced podcast host and producer.');
INSERT INTO public.talent (qp_id, name, bio) VALUES ('1943b74d-2cda-45d4-8853-24ef785100a7', 'Jane Smith', 'A talented voice actor and writer.');
INSERT INTO public.talent (qp_id, name, bio) VALUES ('9a2a458d-1fcf-40b3-acad-9a5ae0ef42ed', 'Alice Johnson', 'A well-known interviewer and journalist.');
INSERT INTO public.podcast (qp_id, talent_id, title, description, release_date) VALUES ('61a21444-ae2d-45a6-a19e-e194a29dae15', 'd8a0efa3-66f6-47d5-9518-02984c082d63', 'Tech Talks', 'A podcast about the latest in technology.', '2023-01-01');
INSERT INTO public.podcast (qp_id, talent_id, title, description, release_date) VALUES ('b4da47fc-6e00-4ad8-8ef0-10e5c1b546b1', '1943b74d-2cda-45d4-8853-24ef785100a7', 'Story Time', 'A podcast where we narrate short stories.', '2023-02-01');
INSERT INTO public.podcast (qp_id, talent_id, title, description, release_date) VALUES ('c246d015-a820-475f-8c9e-e4c53b9965e8', '9a2a458d-1fcf-40b3-acad-9a5ae0ef42ed', 'The Interview Show', 'Interviews with various personalities.', '2023-03-01');
INSERT INTO public.podcast (qp_id, talent_id, title, description, release_date) VALUES ('f5318825-ce8b-478c-a844-3030f8e26c16', 'd8a0efa3-66f6-47d5-9518-02984c082d63', 'Health Talks', 'A podcast about health and wellness.', '2023-09-01');
INSERT INTO public.podcast (qp_id, talent_id, title, description, release_date) VALUES ('cca6c477-684e-4112-941d-f727343c78a1', '1943b74d-2cda-45d4-8853-24ef785100a7', 'Adventure Stories', 'A podcast narrating adventure tales.', '2023-10-01');
INSERT INTO public.podcast (qp_id, talent_id, title, description, release_date) VALUES ('5eb60659-1bf4-452b-bd1a-207e6a113601', '9a2a458d-1fcf-40b3-acad-9a5ae0ef42ed', 'Business Insights', 'A podcast with insights from business leaders.', '2023-11-01');
INSERT INTO public.episodes (qp_id, podcast_id, title, description, release_date, duration) VALUES ('4b17fc57-24de-4c42-9da7-c50c7f07ac61', '61a21444-ae2d-45a6-a19e-e194a29dae15', 'Episode 1: AI Revolution', 'Discussing the impact of AI.', '2023-01-10', 30);
INSERT INTO public.episodes (qp_id, podcast_id, title, description, release_date, duration) VALUES ('9e2e4870-8d82-4da1-8428-5503e5111604', 'b4da47fc-6e00-4ad8-8ef0-10e5c1b546b1', 'Episode 1: The Adventure Begins', 'The first story in our series.', '2023-02-10', 20);
INSERT INTO public.episodes (qp_id, podcast_id, title, description, release_date, duration) VALUES ('83d8e8ae-f80e-4cad-a199-825a600ba8d2', 'c246d015-a820-475f-8c9e-e4c53b9965e8', 'Episode 1: Interview with a Celebrity', 'An interview with a famous celebrity.', '2023-03-10', 40);
INSERT INTO public.episodes (qp_id, podcast_id, title, description, release_date, duration) VALUES ('ce87759b-3ad2-4eb1-890e-3477aa7185d8', 'f5318825-ce8b-478c-a844-3030f8e26c16', 'Episode 1: Nutrition Basics', 'Discussing the basics of good nutrition.', '2023-09-10', 45);
INSERT INTO public.episodes (qp_id, podcast_id, title, description, release_date, duration) VALUES ('a2397db5-d384-4b8b-86db-eccc14bcd1c1', 'cca6c477-684e-4112-941d-f727343c78a1', 'Episode 1: The Jungle Adventure', 'A thrilling tale set in the jungle.', '2023-10-10', 35);
INSERT INTO public.episodes (qp_id, podcast_id, title, description, release_date, duration) VALUES ('25f474e3-6780-409f-89dd-bef8cabe2c3b', '5eb60659-1bf4-452b-bd1a-207e6a113601', 'Episode 1: Startup Success', 'Insights from successful startup founders.', '2023-11-10', 50);
INSERT INTO public.episodes (qp_id, podcast_id, title, description, release_date, duration) VALUES ('365e5f0d-46cd-4e0e-a0a2-d7909f48ed7d', 'f5318825-ce8b-478c-a844-3030f8e26c16', 'Episode 2: Exercise Tips', 'Tips for maintaining a healthy exercise routine.', '2023-09-17', 40);
INSERT INTO public.episodes (qp_id, podcast_id, title, description, release_date, duration) VALUES ('2553054b-8ca1-45dc-a5d4-750751e51033', 'f5318825-ce8b-478c-a844-3030f8e26c16', 'Episode 3: Mental Health Awareness', 'Discussing the importance of mental health.', '2023-09-24', 50);
INSERT INTO public.episodes (qp_id, podcast_id, title, description, release_date, duration) VALUES ('7f6aa405-6ad1-46c0-893e-a0fb82de9163', 'cca6c477-684e-4112-941d-f727343c78a1', 'Episode 2: Desert Survival', 'A gripping tale of survival in the desert.', '2023-10-17', 45);
INSERT INTO public.episodes (qp_id, podcast_id, title, description, release_date, duration) VALUES ('34a885a6-1143-4d8b-954e-73697ff8e8e6', 'cca6c477-684e-4112-941d-f727343c78a1', 'Episode 3: Mountain Climbing', 'An adventurous story about climbing a mountain.', '2023-10-24', 50);
INSERT INTO public.episodes (qp_id, podcast_id, title, description, release_date, duration) VALUES ('b31d3ead-89a8-47da-8fc2-43ec43a69eb8', '5eb60659-1bf4-452b-bd1a-207e6a113601', 'Episode 2: Market Analysis', 'Analyzing the current market trends.', '2023-11-17', 55);
INSERT INTO public.episodes (qp_id, podcast_id, title, description, release_date, duration) VALUES ('5705fe56-b93b-46de-a47c-b6968ef34c81', '5eb60659-1bf4-452b-bd1a-207e6a113601', 'Episode 3: Leadership Skills', 'Discussing essential skills for business leaders.', '2023-11-24', 60);
INSERT INTO public.podcast_episodes (qp_id, podcast_id, episode_id) VALUES ('cbde3617-42c3-447a-b17b-3f05a9ff1a0b', '61a21444-ae2d-45a6-a19e-e194a29dae15', '4b17fc57-24de-4c42-9da7-c50c7f07ac61');
INSERT INTO public.podcast_episodes (qp_id, podcast_id, episode_id) VALUES ('3b9fb8a8-6e99-4e6d-8be7-0a67a400dccb', 'b4da47fc-6e00-4ad8-8ef0-10e5c1b546b1', '9e2e4870-8d82-4da1-8428-5503e5111604');
INSERT INTO public.podcast_episodes (qp_id, podcast_id, episode_id) VALUES ('5a72cbbc-0d95-48cc-9588-7a49b0c280b7', 'c246d015-a820-475f-8c9e-e4c53b9965e8', '83d8e8ae-f80e-4cad-a199-825a600ba8d2');
INSERT INTO public.podcast_episodes (qp_id, podcast_id, episode_id) VALUES ('757d1afc-8179-424f-bfa2-6f96abc3d100', 'f5318825-ce8b-478c-a844-3030f8e26c16', 'ce87759b-3ad2-4eb1-890e-3477aa7185d8');
INSERT INTO public.podcast_episodes (qp_id, podcast_id, episode_id) VALUES ('119ea931-fe76-4b3b-8ee9-202723d2dcdb', 'cca6c477-684e-4112-941d-f727343c78a1', 'a2397db5-d384-4b8b-86db-eccc14bcd1c1');
INSERT INTO public.podcast_episodes (qp_id, podcast_id, episode_id) VALUES ('fc63e31a-11a4-431c-9401-ab183edffa9b', '5eb60659-1bf4-452b-bd1a-207e6a113601', '25f474e3-6780-409f-89dd-bef8cabe2c3b');
INSERT INTO public.podcast_episodes (qp_id, podcast_id, episode_id) VALUES ('2ba47a70-a37e-4d66-bf16-314514de08f0', 'f5318825-ce8b-478c-a844-3030f8e26c16', '365e5f0d-46cd-4e0e-a0a2-d7909f48ed7d');
INSERT INTO public.podcast_episodes (qp_id, podcast_id, episode_id) VALUES ('e6d02a20-c365-4b01-b2df-cce3e5cf8381', 'f5318825-ce8b-478c-a844-3030f8e26c16', '2553054b-8ca1-45dc-a5d4-750751e51033');
INSERT INTO public.podcast_episodes (qp_id, podcast_id, episode_id) VALUES ('8466c075-9eaf-4024-9cf8-840d9b885567', 'cca6c477-684e-4112-941d-f727343c78a1', '7f6aa405-6ad1-46c0-893e-a0fb82de9163');
INSERT INTO public.podcast_episodes (qp_id, podcast_id, episode_id) VALUES ('962ed80d-ef38-4963-bb03-fb9c7b918052', 'cca6c477-684e-4112-941d-f727343c78a1', '34a885a6-1143-4d8b-954e-73697ff8e8e6');
INSERT INTO public.podcast_episodes (qp_id, podcast_id, episode_id) VALUES ('d9c4d6a0-ca01-4b18-a025-63c3cca0c2e2', '5eb60659-1bf4-452b-bd1a-207e6a113601', 'b31d3ead-89a8-47da-8fc2-43ec43a69eb8');
INSERT INTO public.podcast_episodes (qp_id, podcast_id, episode_id) VALUES ('d447387e-e037-4217-8a40-18aa571df890', '5eb60659-1bf4-452b-bd1a-207e6a113601', '5705fe56-b93b-46de-a47c-b6968ef34c81');
INSERT INTO public.shows (qp_id, talent_id, title, description, release_date) VALUES ('a131faa1-0149-4703-8355-4aed9243ff32', 'd8a0efa3-66f6-47d5-9518-02984c082d63', 'Tech Expo', 'A show about the latest technology exhibitions.', '2023-04-01');
INSERT INTO public.shows (qp_id, talent_id, title, description, release_date) VALUES ('98fac31d-eeff-4974-9aeb-7adf0dc28f5d', '1943b74d-2cda-45d4-8853-24ef785100a7', 'Bedtime Stories', 'A show for bedtime story narrations.', '2023-05-01');
INSERT INTO public.shows (qp_id, talent_id, title, description, release_date) VALUES ('48a3d215-5e0b-47be-bbd4-838b8d8a8617', '9a2a458d-1fcf-40b3-acad-9a5ae0ef42ed', 'In-Depth Interviews', 'An in-depth interview series with various celebrities.', '2023-06-01');
INSERT INTO public.shows (qp_id, talent_id, title, description, release_date) VALUES ('6f289524-2e39-414a-9b91-86a3c88ad7fa', 'd8a0efa3-66f6-47d5-9518-02984c082d63', 'Health Expo', 'A show about health exhibitions.', '2023-12-01');
INSERT INTO public.shows (qp_id, talent_id, title, description, release_date) VALUES ('86b908db-b90b-45c5-89ca-218f3fffe91c', '1943b74d-2cda-45d4-8853-24ef785100a7', 'Adventure Nights', 'A show featuring late-night adventure stories.', '2024-01-01');
INSERT INTO public.shows (qp_id, talent_id, title, description, release_date) VALUES ('932d045d-dfd9-4ffb-b335-09c1508414b1', '9a2a458d-1fcf-40b3-acad-9a5ae0ef42ed', 'Market Trends', 'A show discussing the latest market trends.', '2024-02-01');
INSERT INTO public.talent_podcast (qp_id, talent_id, podcast_id) VALUES ('20b612ca-c4c9-454b-bc1d-751d3a3dbd93', 'd8a0efa3-66f6-47d5-9518-02984c082d63', '61a21444-ae2d-45a6-a19e-e194a29dae15');
INSERT INTO public.talent_podcast (qp_id, talent_id, podcast_id) VALUES ('2169f825-b895-4195-b14a-d7d70f77e654', '1943b74d-2cda-45d4-8853-24ef785100a7', 'b4da47fc-6e00-4ad8-8ef0-10e5c1b546b1');
INSERT INTO public.talent_podcast (qp_id, talent_id, podcast_id) VALUES ('9b9fe170-e5ef-478e-9f96-2cc2785d4d3b', '9a2a458d-1fcf-40b3-acad-9a5ae0ef42ed', 'c246d015-a820-475f-8c9e-e4c53b9965e8');
INSERT INTO public.talent_podcast (qp_id, talent_id, podcast_id) VALUES ('5ac6f963-38b5-4f4b-831a-a4f470f04cae', 'd8a0efa3-66f6-47d5-9518-02984c082d63', 'f5318825-ce8b-478c-a844-3030f8e26c16');
INSERT INTO public.talent_podcast (qp_id, talent_id, podcast_id) VALUES ('db424475-8600-4b33-b503-f03d6dfd8a05', '1943b74d-2cda-45d4-8853-24ef785100a7', 'cca6c477-684e-4112-941d-f727343c78a1');
INSERT INTO public.talent_podcast (qp_id, talent_id, podcast_id) VALUES ('d01637c3-7334-493c-9611-04968fc1c63f', '9a2a458d-1fcf-40b3-acad-9a5ae0ef42ed', '5eb60659-1bf4-452b-bd1a-207e6a113601');
INSERT INTO public.talent_shows (qp_id, talent_id, show_id) VALUES ('8d36f627-b1ba-490d-9c55-569ee9c0f493', 'd8a0efa3-66f6-47d5-9518-02984c082d63', 'a131faa1-0149-4703-8355-4aed9243ff32');
INSERT INTO public.talent_shows (qp_id, talent_id, show_id) VALUES ('bf1168e2-28e9-42e0-bc5f-c5e20f5f384c', '1943b74d-2cda-45d4-8853-24ef785100a7', '98fac31d-eeff-4974-9aeb-7adf0dc28f5d');
INSERT INTO public.talent_shows (qp_id, talent_id, show_id) VALUES ('f7634e05-8bb4-47b0-b5cd-cfce649d7a6d', '9a2a458d-1fcf-40b3-acad-9a5ae0ef42ed', '48a3d215-5e0b-47be-bbd4-838b8d8a8617');
INSERT INTO public.talent_shows (qp_id, talent_id, show_id) VALUES ('04dd535a-03b5-4cd8-85ef-e20eca17c715', 'd8a0efa3-66f6-47d5-9518-02984c082d63', '6f289524-2e39-414a-9b91-86a3c88ad7fa');
INSERT INTO public.talent_shows (qp_id, talent_id, show_id) VALUES ('f532e320-2e4f-4523-b973-9dcbc3b17ecc', '1943b74d-2cda-45d4-8853-24ef785100a7', '86b908db-b90b-45c5-89ca-218f3fffe91c');
INSERT INTO public.talent_shows (qp_id, talent_id, show_id) VALUES ('1f3170a4-cbe2-4781-80d3-7e459b7380b5', '9a2a458d-1fcf-40b3-acad-9a5ae0ef42ed', '932d045d-dfd9-4ffb-b335-09c1508414b1');
